dim_0,dim_1,mean,std,median,5.0%,95.0%
0,0,-2.0013084014777784,0.20223309285737698,-2.0052184291649526,-2.303380915861895,-1.6793196988800174
0,1,-1.0663357225437864,0.2002725742769909,-1.069059141117421,-1.3735405353815207,-0.7547270755597355
0,2,-0.4578103087162137,0.19857664928314567,-0.4640659953073877,-0.7457338601871588,-0.1342288046283511
0,3,0.2389948871098103,0.1980781076477818,0.2330066234049758,-0.047111649592582884,0.5655373889845309
0,4,0.44566200876511636,0.19729279918035475,0.4449657905595582,0.1500834034884628,0.7741709570742342
0,5,0.6209810549511245,0.1965631439251002,0.6148312295102447,0.3244551448829155,0.9568568819178002
0,6,0.8268825697475722,0.19733733991021926,0.8199684586008126,0.5271159990262474,1.1404017781784601
0,7,1.416817990895887,0.19843931521232042,1.4176262736016816,1.1233738517818626,1.7516205261683224
0,8,1.9488388638231624,0.2009464167620221,1.942258166766613,1.649695989230692,2.2908128232037575
