dim_0,dim_1,mean,std,median,5.0%,95.0%
0,0,-2.1693758496433757,0.23110390593782507,-2.1651087534918876,-2.5412873576713912,-1.8139968465376304
0,1,-1.1844724409891956,0.23048704219182742,-1.1780490595507676,-1.555993141440516,-0.8370577390559535
0,2,-0.5168873386458743,0.23042234419747348,-0.5077012157460395,-0.888438402112598,-0.17235434893067644
0,3,0.1650816417797413,0.23050825268674585,0.17454617649068654,-0.203427131451325,0.5162228808458648
0,4,0.37712853122096335,0.23085707923025872,0.38819630434600705,0.002636100316588347,0.728470275230218
0,5,0.5445694666096939,0.23086639903293438,0.5532974386712894,0.17186070958815966,0.8964068710257151
0,6,0.7738183861952799,0.23085771976484293,0.7817002731532318,0.40511538034485545,1.1257555130805923
0,7,1.3907926544186233,0.2314172195078286,1.3998536127906593,1.0153995459139136,1.7387753651806543
0,8,1.8679015816975308,0.2316111219023224,1.877323725951248,1.4889310428733167,2.2165225161556563
