dim_0,mean,std,median,5.0%,95.0%
0,-0.00984003321368965,0.09316912425618953,-0.009941095057631688,-0.14972854135075414,0.14886317641430416
