dim_0,mean,std,median,5.0%,95.0%
0,-0.07365748286750871,0.07629028672333385,-0.07223619074929344,-0.1908571995198431,0.044180520810128604
