dim_0,mean,std,median,5.0%,95.0%
0,-0.02094368548284611,0.08596017224522377,-0.01928847408406479,-0.16929458665861924,0.11828919548625524
