dim_0,mean,std,median,5.0%,95.0%
0,-0.11236213897682229,0.08037329121835492,-0.11574558011194322,-0.23794445694877597,0.019634522532326715
