dim_0,mean,std,median,5.0%,95.0%
0,-0.1135773111436814,0.09399797242062455,-0.11657629099004513,-0.2594802413094595,0.05308967790734887
