dim_0,mean,std,median,5.0%,95.0%
0,-0.02865915013058342,0.09281373623622283,-0.02635435348649734,-0.17506916054806196,0.13046024724838695
