dim_0,mean,std,median,5.0%,95.0%
0,-0.20831733484693463,0.09321995654793487,-0.21228716401391692,-0.35985669791755914,-0.05510263752235404
