dim_0,mean,std,median,5.0%,95.0%
0,-0.012293910975687685,0.09086016075397133,-0.018233058757081214,-0.15288953063704075,0.13042583163465035
